"occtype","sqft","bldgtype","yrbuilt","x","y","val_struct","val_cont"
"COM1",800,"W",0,-98.2375946,47.542419433,130526.454,130526.454
"COM1",800,"M",0,-98.46857452,47.427936553,130526.454,130526.454
"COM1",800,"S",0,-98.18945312,47.266628265,130526.454,130526.454
"COM1",800,"M",0,-98.12171936,47.442073822,130526.454,130526.454
"COM1",800,"M",0,-98.1240921,47.445377349,130526.454,130526.454
"COM1",800,"S",0,-98.12310028,47.444396972,130526.454,130526.454
"COM1",800,"M",0,-98.13313293,47.44133377,130526.454,130526.454
"COM1",800,"S",0,-98.12638854,47.44801712,130526.454,130526.454
"RES1-2SNB",1450.82,"W",0,-103.0105235,48.8889455,173647.085,86823.5427
"RES1-2SNB",2827.68,"W",0,-103.0124259,48.889748762,255338.024,127669.012
"RES1-2SNB",5971.62,"W",0,-103.0166827,48.850196069,429526.683,214763.341
"RES1-2SNB",8699.32,"W",0,-103.0039837,48.768329972,625724.688,312862.344
"RES1-2SNB",12733.36,"W",0,-103.0020515,48.696889,915885.118,457942.559
"RES1-2SNB",1826.854,"W",0,-103.1695315,48.738816,200499.392,100249.696
"COM1",22152,"C",0,-103.1732223,48.697932757,2209648.32,2209648.32
"COM1",4088.88888,"S",0,-103.2916455,48.920979,591219.636,591219.636
"RES1-2SNB",3004.18,"W",0,-103.3019293,48.913825717,265978.806,132989.403
"RES1-2SNB",23509.8,"W",0,-103.2883289,48.907737158,1691012.89,845506.447
"RES1-2SNB",2872.6,"W",0,-103.269493,48.8496605,258105.195,129052.597
"RES1-2SNB",4379.12,"W",0,-103.2893415,48.914089543,344755.246,172377.623
"RES1-2SNB",1216.254,"W",0,-103.289093,48.9143325,109702.607,54851.3035
"RES1-2SNB",6850.96,"W",0,-103.3130705,48.910165,369581.888,184790.944
"RES1-2SNB",17481.22,"W",0,-103.973856,48.644637626,1257389.19,628694.596
"RES1-2SNB",5584.18,"W",0,-102.9637757,48.774600936,402100.165,201050.082
"RES1-2SNB",689.504,"W",0,-103.0065564,48.88813969,88627.4651,44313.7325
"COM1",919.115362,"M",0,-103.2944117,48.91425852,146268.169,146268.169
"COM1",3707.25,"W",0,-103.29703,48.906270611,553929.868,553929.868
"RES1-2SNB",6210.7,"W",0,-103.4524002,48.849203029,446723.229,223361.614
"RES1-2SNB",6032.9,"W",0,-104.0205115,48.8379495,433934.431,216967.215
"RES1-2SNB",5788.44,"W",0,-103.007015,48.86667,416350.912,208175.456
"COM1",7926,"C",0,-103.297126,48.9077055,1281062.9,1281062.9
"COM1",788.342068,"S",0,-103.2978565,48.907471,125456.886,125456.886
"RES1-2SNB",7783.64,"W",0,-103.923006,48.746486,559861.657,279930.828
"RES1-2SNB",5503.56,"W",0,-103.0603132,48.653576155,398511.226,199255.613
"COM1",873.088955,"W",0,-103.2941225,48.913145,132100.423,132100.423
"COM1",3573.71428,"M",0,-103.2939054,48.913701776,540537.282,540537.282
"RES1-2SNB",5937,"W",0,-103.7120698,48.707206249,427036.536,213518.268
"RES1-2SNB",10121.34,"W",0,-104.014921,48.9260225,728007.743,364003.871
"COM1",16399.6914,"S",0,-103.2993877,48.91598242,1427206.04,1427206.04
"RES1-2SNB",3358.3,"W",0,-103.2962646,48.908606652,212503.405,106251.702
"RES1-2SNB",1121.44,"W",0,-103.4856545,48.9537015,101575.549,50787.7747
"RES1-2SNB",9827.22,"W",0,-103.7217737,48.745792655,706852.28,353426.14
"RES1-2SNB",2224.82,"W",0,-103.297383,48.9151355,163087.588,81543.7943
"COM1",4053.75,"S",0,-103.3008913,48.909622246,587423.996,587423.996
"RES1-2SNB",13480.06,"W",0,-103.3753132,48.689466217,969593.755,484796.877
"RES1-2SNB",4588.3,"W",0,-103.6319804,48.754138991,354831.234,177415.617
"COM1",2450.5801,"M",0,-103.2962765,48.911093145,465792.471,465792.471
"COM1",8068.9756,"C",0,-103.2449116,48.893314014,974734.551,974734.551
"COM1",8177.77777,"S",0,-103.2972675,48.909323645,766533.112,766533.112
"COM1",400,"C",0,-103.8058715,48.64801347,63656.0657,63656.0657
"COM1",800,"W",0,-103.4855957,48.952617645,139002.197,139002.197
"COM1",1143.62,"M",0,-100.1266563,47.474750179,185726.607,185726.607
"COM1",800.127964,"M",0,-100.127712,47.4746335,130547.332,130547.332
"RES1-2SNB",2601.7,"W",0,-100.1217751,47.476256613,169724.301,84862.1507
"COM1",3232.87,"W",0,-100.4430455,47.4850655,503226.401,503226.401
"RES1-2SNB",7352.34,"W",0,-100.128826,47.834527,500634.358,250317.179
"RES1-2SNB",1982.73,"W",0,-100.440166,47.4802145,143155.825,71577.9128
"COM1",5470.5,"S",0,-100.442247,47.485757594,765616.172,765616.172
"COM1",9200,"M",0,-100.4439775,47.4851365,1187291.14,1187291.14
"RES1-2SNB",2630.3,"W",0,-100.1243893,47.478710422,170760.043,85380.0219
"COM1",4149.62,"S",0,-100.4405145,47.486175,611471.18,611471.18
"COM1",3532.75,"C",0,-100.4400464,47.488244803,539728.69,539728.69
"RES1-2SNB",6935.46,"W",0,-100.243144,47.801244,354186.174,177093.087
"RES1-2SNB",29744.2,"W",0,-100.2970174,47.660155407,1519002.98,759501.49
"RES1-2SNB",9969.98,"W",0,-100.372762,47.715922752,509155.712,254577.856
"COM1",559.85267,"C",0,-100.4365762,47.481036107,83662.4212,83662.4212
"COM1",1114.2555,"W",0,-100.4435575,47.487267301,148390.535,148390.535
"COM1",9200,"S",0,-100.405874,47.4878635,1012757.34,1012757.34
"COM1",7076.35009,"W",0,-100.445607,47.487748,1115700.06,1115700.06
"RES1-2SNB",11958.72,"W",0,-100.666617,47.41187,610718.436,305359.218
"RES1-2SNB",6118.9,"W",0,-100.1344748,47.730502122,416647.159,208323.579
"COM1",1200,"W",0,-100.5077021,47.401813279,179323.795,179323.795
"COM1",90609.5564,"W",0,-101.3119318,48.207082506,8234919.72,8234919.72
"COM1",11457.3401,"S",0,-101.3111017,48.206949356,1384077.15,1384077.15
"COM1",79393.9937,"S",0,-101.3091174,48.205714847,7297384.49,7297384.49
"COM1",337558.181,"M",0,-101.3115659,48.206198367,30433687.8,30433687.8
"COM1",42814.0147,"S",0,-101.3107097,48.20833449,4874654.78,4874654.78
"RES1-2SNB",4072.3,"W",0,-101.0267708,48.315780482,268233.096,134116.548
"RES1-2SNB",1994.34,"W",0,-101.0317254,47.918927778,228365.057,114182.528
"RES1-2SNB",4706.12,"W",0,-101.0592555,48.087833132,393873.238,196936.619
"RES1-2SNB",3025.68,"W",0,-101.0593042,48.088657909,292174.162,146087.081
"RES1-2SNB",5450.24,"M",0,-101.03611,48.0593775,433071.433,216535.716
"COM1",1905,"C",0,-101.0843158,47.99235816,344851.156,344851.156
"RES1-2SNB",6805.18,"W",0,-101.1185414,48.094337166,535168.065,267584.032
"RES1-2SNB",2184.82,"W",0,-101.0504935,48.089757817,241685.248,120842.624
"COM1",33698.5,"M",0,-101.3275345,48.414597006,5418469.25,5418469.25
"COM1",9200,"S",0,-101.272517,48.2113075,1441710.67,1441710.67
"RES1-2SNB",3103.52,"W",0,-101.124687,48.240938,297052.154,148526.077
"RES1-2SNB",2860.14,"W",0,-101.1259985,48.2403995,281360.228,140680.114
"RES1-2SNB",3020.52,"W",0,-101.1268772,48.240913795,291846.123,145923.061
"RES1-2SNB",2859.5,"W",0,-101.131098,48.2409025,281317.258,140658.629
"RES1-2SNB",3249.28,"W",0,-101.130812,48.2409025,306413.481,153206.74
"RES1-2SNB",2639.98,"W",0,-101.1332341,48.242345735,269126.858,134563.429
"RES1-2SNB",2833.7,"W",0,-101.136482,48.236699165,279577.588,139788.794
"RES1-2SNB",6822.38,"W",0,-101.1357812,48.236670719,536520.695,268260.347
"RES1-2SNB",2507.96,"W",0,-101.1353557,48.236358572,261695.735,130847.867
"RES1-2SNB",3629.2,"W",0,-101.1360395,48.2362855,332200.771,166100.385
"RES1-2SNB",2656.74,"W",0,-101.1351185,48.225993,270024.85,135012.425
"RES1-2SNB",8533.78,"W",0,-101.1409664,48.227708649,671107.382,335553.691
"RES1-2SNB",4836.64,"W",0,-101.1369317,48.226282522,400522.843,200261.421
"RES1-2SNB",7825.78,"W",0,-101.1436385,48.228300201,615429.356,307714.678
"RES1-2SNB",3208.86,"W",0,-101.140092,48.234046922,303546.235,151773.117
"RES1-2SNB",5954.42,"W",0,-101.1408441,48.231550364,468263.21,234131.605
"RES1-2SNB",4763.54,"W",0,-101.1408757,48.232215727,396687.257,198343.628
"RES1-2SNB",4423.4,"W",0,-101.138209,48.233523135,379317.566,189658.783
"RES1-2SNB",8931.74,"W",0,-101.1396276,48.233688408,702403.466,351201.733
"RES1-2SNB",5103.88,"W",0,-101.1388921,48.2351082,415204.162,207602.081
"RES1-2SNB",4253.12,"W",0,-101.1408488,48.235525835,369989.122,184994.561
"RES1-2SNB",3827.86,"W",0,-101.1393739,48.235820224,344847.982,172423.991
"RES1-2SNB",8931.52,"W",0,-101.1560722,48.094549648,702386.165,351193.082
"RES1-2SNB",3505.78,"W",0,-101.1531939,48.148643156,324054.083,162027.041
"COM1",44997.5786,"S",0,-101.157725,48.1519335,5075934.97,5075934.97
"COM1",1749.5,"M",0,-101.17031,48.16138,298787.599,298787.599
"RES1-2SNB",6443.98,"W",0,-101.1895275,48.079529,506762.835,253381.417
"RES1-2SNB",3519.54,"W",0,-101.1133421,48.111446514,324973.338,162486.669
"COM1",2554.62,"M",0,-101.1321615,48.228653,460988.729,460988.729
"COM1",3517.37,"C",0,-101.1317105,48.22846,573866.592,573866.592
"RES1-2SNB",5500.76,"W",0,-101.1349101,48.214946388,435568.051,217784.025
"RES1-2SNB",8598.28,"W",0,-101.1902735,48.182984315,676179.744,338089.872
"RES1-2SNB",3191.88,"W",0,-101.1698857,48.168814711,302429.001,151214.5
"RES1-2SNB",7372.12,"W",0,-101.1874433,48.178900302,579752.953,289876.476
"RES1-2SNB",303.15,"W",0,-101.1896785,48.203632,42603.1488,21301.5744
"RES1-2SNB",9170.18,"W",0,-101.1897465,48.1990865,721154.693,360577.346
"RES1-2SNB",3433.54,"W",0,-101.1364736,48.239733602,319182.754,159591.377
"RES1-2SNB",2318.34,"W",0,-101.1356045,48.2392825,250256.81,125128.405
"RES1-2SNB",2880.34,"W",0,-101.1356345,48.2397115,282711.864,141355.932
"RES1-2SNB",3585.76,"W",0,-101.1386225,48.2392735,329358.689,164679.344
"RES1-2SNB",4575.62,"W",0,-101.1416735,48.086583,387299.17,193649.585
"RES1-2SNB",2627.94,"W",0,-101.1450289,48.226250894,268475.449,134237.724
"RES1-2SNB",2527.74,"W",0,-101.2025735,48.207049,262849.523,131424.761
"RES1-2SNB",4004.16,"W",0,-101.198972,48.2017875,355590.343,177795.171
"COM1",16018.75,"M",0,-101.1990257,48.110972032,1809900.34,1809900.34
"RES1-2SNB",4109.08,"W",0,-101.1885365,48.223868,361768.511,180884.255
"RES1-2SNB",3750.24,"W",0,-101.2087792,48.204432899,339974.903,169987.451
"RES1-2SNB",7948.12,"W",0,-101.2086955,48.199687616,625050.33,312525.165
"RES1-2SNB",2753.28,"W",0,-101.2012736,48.197078392,274998.297,137499.148
"RES1-2SNB",2896.68,"W",0,-101.2064654,48.206306303,283798.695,141899.347
"RES1-2SNB",5179.56,"W",0,-101.1822149,48.219851595,419220.051,209610.025
"RES1-2SNB",5288.56,"W",0,-101.186062,48.2246545,424894.101,212447.05
"RES1-2SNB",4175.72,"W",0,-101.1873052,48.222820877,365609.328,182804.664
"RES1-2SNB",2865.3,"W",0,-101.1873977,48.220110437,281706.345,140853.172
"RES1-2SNB",7434.26,"W",0,-101.1891995,48.225983,584639.722,292319.861
"RES1-2SNB",3359.8,"W",0,-101.189117,48.227242764,314131.893,157065.946
"RES1-2SNB",5557.74,"W",0,-101.192476,48.226665098,438350.46,219175.23
"RES1-2SNB",11199.34,"W",0,-101.1924763,48.227128438,880730.432,440365.216
"COM1",425.571428,"M",0,-101.225673,48.2297745,113609.86,113609.86
"COM1",11660.5,"S",0,-101.21811,48.2307815,1279749.84,1279749.84
"COM1",732.354285,"W",0,-101.2256375,48.2299725,136559.439,136559.439
"RES1-2SNB",2121.62,"W",0,-101.217906,48.2269285,252215.24,126107.62
"RES1-2SNB",7770.96,"W",0,-101.2145209,48.176293493,611118.241,305559.12
"RES1-2SNB",4953.8,"W",0,-101.2146527,48.179745291,407055.268,203527.634
"RES1-2SNB",6371.52,"W",0,-101.212948,48.179872,501064.488,250532.244
"RES1-2SNB",3488.58,"W",0,-101.2252717,48.191678358,322901.136,161450.568
"RES1-2SNB",4730,"W",0,-101.2167332,48.182691599,395049.372,197524.686
"COM1",3860.5,"W",0,-101.2263084,48.189469245,610307.351,610307.351
"RES1-2SNB",3683.16,"W",0,-101.220937,48.198154449,356673.663,178336.831
"RES1-2SNB",2265.44,"W",0,-101.2174953,48.186561546,246946.197,123473.098
"RES1-2SNB",4285.38,"W",0,-101.2235528,48.191189064,371788.842,185894.421
"RES1-2SNB",3329.26,"W",0,-101.2260907,48.193215297,312016.85,156008.425
"RES1-2SNB",4536.5,"W",0,-101.213253,48.183115499,385280.143,192640.071
"COM1",3286.37,"M",0,-101.188669,48.229831,382146.588,382146.588
"RES1-2SNB",6893.96,"W",0,-101.1957419,48.226640533,542149.838,271074.919
"RES1-2SNB",2991.72,"W",0,-101.2285345,48.2170835,308129.807,154064.903
"RES1-2SNB",2703.84,"W",0,-101.2275205,48.216462,289524.544,144762.272
"RES1-2SNB",2296.4,"W",0,-101.2284533,48.216160453,264453.437,132226.718
"RES1-2SNB",4705.7,"W",0,-101.2309725,48.1997785,418468.258,209234.129
"RES1-2SNB",3177.48,"W",0,-101.2336887,48.197704945,320412.144,160206.072
"COM1",4898.25,"S",0,-101.2316341,48.19696019,766789.773,766789.773
"RES1-2SNB",3373.56,"W",0,-101.232965,48.1973565,334772.927,167386.463
"RES1-2SNB",2170.2,"W",0,-101.23191,48.197293965,255747.278,127873.639
"RES1-2SNB",2733.5,"M",0,-101.2339026,48.198902988,291132.364,145566.182
"RES1-2SNB",5719.42,"W",0,-101.2333027,48.19755115,477893.916,238946.958
"RES1-2SNB",3128.88,"W",0,-101.2347606,48.198146665,317276.101,158638.05
"COM1",3591.23076,"S",0,-101.23165,48.2285915,490461.243,490461.243
"RES1-2SNB",2881,"W",0,-101.2329072,48.228235526,208083.654,104041.827
"RES1-2SNB",2012.6,"W",0,-101.232268,48.2273585,229574.892,114787.446
"RES1-2SNB",2381.76,"W",0,-101.2330053,48.228469318,186123.942,93061.971
"RES1-2SNB",4243.24,"W",0,-101.2397205,48.226464,369434.905,184717.452
"RES1-2SNB",3122.86,"W",0,-101.212669,48.2272975,316883.829,158441.914
"RES1-2SNB",5391.54,"W",0,-101.213412,48.2272145,457019.033,228509.516
"COM1",2467.5,"W",0,-101.247127,48.221619,484622.556,484622.556
"COM1",4281.75075,"W",0,-101.2517146,48.230098678,474250.779,474250.779
"RES1-2SNB",4824.6,"W",0,-101.2704124,48.202769055,424833.23,212416.615
"COM1",1300.5,"W",0,-101.258594,48.2074045,235986.912,235986.912
"RES1-2SNB",1411.904,"W",0,-101.254642,48.2036925,198222.144,99111.0724
"RES1-2SNB",5688.04,"W",0,-101.2731256,48.20832302,475271.917,237635.958
"RES1-2SNB",2767.48,"W",0,-101.2703724,48.199989893,292932.537,146466.268
"RES1-2SNB",5768.44,"W",0,-101.2600528,48.207170024,481989.849,240994.924
"RES1-2SNB",4558.86,"W",0,-101.2695848,48.202793754,410589.202,205294.601
"RES1-2SNB",5400.58,"W",0,-101.2608257,48.206871567,457502.031,228751.015
"RES1-2SNB",26878,"W",0,-101.2735083,48.197125152,2245827.84,1122913.92
"RES1-2SNB",24099.4,"W",0,-101.2706221,48.197142415,2013658.14,1006829.07
"RES1-2SNB",4989.72,"W",0,-101.2617145,48.197919367,434592.262,217296.131
"RES1-2SNB",3317.22,"W",0,-101.2706103,48.198018385,330627.994,165313.997
"RES1-2SNB",4536.5,"W",0,-101.2700936,48.198124563,409360.152,204680.076
"RES1-2SNB",6804.74,"W",0,-101.273031,48.198341659,568579.305,284289.652
"RES1-2SNB",4820.08,"W",0,-101.2609087,48.198380528,424561.637,212280.818
"RES1-2SNB",3402.36,"W",0,-101.2713214,48.198846619,336872.771,168436.385
"RES1-2SNB",4820.08,"W",0,-101.2705345,48.198890346,424561.637,212280.818
"RES1-2SNB",4819.86,"W",0,-101.2657516,48.198932723,424548.412,212274.206
"RES1-2SNB",4536.5,"W",0,-101.2674448,48.198935113,409360.152,204680.076
"RES1-2SNB",4763.1,"W",0,-101.2713213,48.19955537,421457.493,210728.746
"RES1-2SNB",6464.18,"W",0,-101.2703226,48.199634716,540123.351,270061.675
"RES1-2SNB",5103.24,"W",0,-101.2652611,48.199796864,441118.055,220559.027
"RES1-2SNB",5897.22,"W",0,-101.2626011,48.199815266,492750.237,246375.118
"RES1-2SNB",3969.1,"W",0,-101.2647012,48.200279825,375583.247,187791.623
"RES1-2SNB",7343.54,"W",0,-101.2648974,48.200694424,613599.471,306799.735
"RES1-2SNB",7655.28,"W",0,-101.2627061,48.201177469,639647.331,319823.665
"RES1-2SNB",4791.48,"W",0,-101.2608459,48.207115539,422916.612,211458.306
"RES1-2SNB",6118.9,"W",0,-101.2221383,48.199526742,511273.011,255636.505
"RES1-2SNB",3647.04,"W",0,-101.224002,48.1977955,354195.001,177097.5
"RES1-2SNB",3704.22,"W",0,-101.2252242,48.201233883,358109.547,179054.773
"RES1-2SNB",2778.66,"W",0,-101.2263505,48.199416427,293515.06,146757.53
"RES1-2SNB",3670.48,"W",0,-101.2265065,48.218616,355805.824,177902.912
"RES1-2SNB",2263.94,"W",0,-101.2261675,48.221321,262278.857,131139.428
"RES1-2SNB",1518.544,"W",0,-101.2645169,48.229285017,139363.866,69681.9334
"RES1-2SNB",3094.7,"W",0,-101.264496,48.1830885,296506.081,148253.04
"RES1-2SNB",8123.98,"W",0,-101.2520348,48.1889889,638880.185,319440.092
"RES1-2SNB",4281.08,"W",0,-101.2411243,48.191968349,371549.829,185774.914
"RES1-2SNB",3823.12,"W",0,-101.2462499,48.185341776,344552.914,172276.457
"RES1-2SNB",5497.98,"W",0,-101.2384109,48.196160329,435431.393,217715.696
"RES1-2SNB",4515,"W",0,-101.27129,48.185496536,384161.014,192080.507
"RES1-2SNB",5832.3,"W",0,-101.2395203,48.188188443,458659.537,229329.768
"RES1-2SNB",6119.76,"W",0,-101.2449798,48.189844927,481265.759,240632.879
"RES1-2SNB",12163.4,"W",0,-101.2417938,48.193196562,956545.345,478272.672
"RES1-2SNB",3235.74,"W",0,-101.266151,48.2333965,225662.796,112831.398
"COM1",400.018916,"M",0,-101.2679414,48.235230168,106788.403,106788.403
"RES1-2SNB",717.884,"W",0,-101.2674904,48.233849276,71091.8802,35545.9401
"RES1-2SNB",3860.1,"W",0,-101.240965,48.18462219,346846.258,173423.129
"RES1-2SNB",1567.564,"W",0,-101.2678595,48.231522786,142463.829,71231.9147
"RES1-2SNB",4602.92,"W",0,-101.2672322,48.272077803,412988.384,206494.192
"RES1-2SNB",4432.44,"W",0,-101.2659702,48.271065368,300939.299,150469.649
"COM1",4656.75,"M",0,-101.2724945,48.278283808,740553.798,740553.798
"RES1-2SNB",2729.84,"W",0,-101.2724635,48.236083,201216.601,100608.3
"RES1-2SNB",2261.8,"W",0,-101.272883,48.2361415,180207.048,90103.5244
"RES1-2SNB",2314.04,"W",0,-101.2737615,48.2310915,182828.808,91414.4043
"RES1-2SNB",1443.94,"W",0,-101.273915,48.23094,134478.112,67239.056
"RES1-2SNB",2505.38,"W",0,-101.2754355,48.2428645,277890.702,138945.351
"RES1-2SNB",2233.2,"W",0,-101.2752545,48.2422505,189913.634,94956.8171
"RES1-2SNB",1751.82,"W",0,-101.2761165,48.2428265,163945.666,81972.833
"RES1-2SNB",1736.34,"W",0,-101.2764575,48.2282085,153329.749,76664.8746
"RES1-2SNB",4760.1,"W",0,-101.2781746,48.224738518,295656.96,147828.48
"RES1-2SNB",5603.76,"W",0,-101.2748007,48.219996916,330515.144,165257.572
"RES1-2SNB",6593.62,"W",0,-101.2749166,48.22029046,518530.716,259265.358
"RES1-2SNB",1536.82,"W",0,-101.279105,48.2278355,196777.37,98388.6853
"RES1-2SNB",7076.08,"W",0,-101.2785825,48.224791129,556471.988,278235.994
"RES1-2SNB",5120.64,"W",0,-101.2782468,48.222715586,310957.079,155478.539
"RES1-2SNB",8505.6,"W",0,-101.2748717,48.240954027,533022.731,266511.365
"RES1-2SNB",2556.78,"M",0,-101.2767653,48.228688974,264517.649,132258.824
"RES1-2SNB",1825.994,"M",0,-101.2765454,48.22898117,158517.033,79258.5169
"RES1-2SNB",2018.42,"W",0,-101.274987,48.2280915,167075.76,83537.8801
"RES1-2SNB",4429.86,"W",0,-101.278938,48.204480109,283134.539,141567.269
"RES1-2SNB",8567.32,"W",0,-101.2774158,48.20570172,505308.758,252654.379
"RES1-2SNB",3765.08,"W",0,-101.278198,48.205228002,253509.165,126754.582
"RES1-2SNB",8490.78,"W",0,-101.2779766,48.204115611,500794.355,250397.177
"RES1-2SNB",8664.06,"W",0,-101.2774354,48.205161133,511014.576,255507.288
"COM1",799.865222,"S",0,-101.2781844,48.420072287,136604.635,136604.635
"RES1-2SNB",1799.98,"W",0,-101.2264005,48.2173695,231171.002,115585.501
"COM1",4070,"C",0,-101.2264161,48.216956837,671811.253,671811.253
"RES1-2SNB",5393.7,"W",0,-101.2295848,48.21813391,457134.526,228567.263
"RES1-2SNB",4148.84,"W",0,-101.2269638,48.197344053,364067.873,182033.936
"RES1-2SNB",5460.14,"W",0,-101.2306023,48.198315591,433562.872,216781.436
"RES1-2SNB",5389.82,"W",0,-101.230957,48.198832208,430048.967,215024.483
"COM1",8579.37,"M",0,-101.2511872,48.2163313,1130524.38,1130524.38
"RES1-2SNB",5094.84,"W",0,-101.2794081,48.298247468,414720.28,207360.14
"RES1-2SNB",5386.38,"M",0,-101.2791828,48.219784977,429875.684,214937.842
"RES1-2SNB",4282.36,"W",0,-101.2784845,48.21888456,371621.005,185810.502
"RES1-2SNB",4990.14,"W",0,-101.2778477,48.218449508,305403.246,152701.623
"RES1-2SNB",6180.38,"W",0,-101.2808299,48.22028513,364524.745,182262.372
"RES1-2SNB",4914.46,"W",0,-101.2802328,48.223018149,302125.638,151062.819
"RES1-2SNB",1701.51,"W",0,-101.2807195,48.244432,160561.927,80280.9639
"RES1-2SNB",2318.34,"W",0,-101.2801019,48.24503225,194481.608,97240.8043
"RES1-2SNB",2438.74,"W",0,-101.281118,48.2450455,273642.53,136821.265
"RES1-2SNB",1474.9,"W",0,-101.2804965,48.245044,145063.395,72531.6977
"RES1-2SNB",2125.48,"W",0,-101.2811119,48.244476197,183852.91,91926.4552
"COM1",1666.87,"W",0,-101.281403,48.2348315,284675.67,284675.67
"RES1-2SNB",2030.24,"W",0,-101.2822535,48.2352355,167748.372,83874.1861
"RES1-2SNB",4628.3,"W",0,-101.281405,48.246460835,308977.178,154488.589
"RES1-2SNB",5064.54,"W",0,-101.2813947,48.246283668,438910.154,219455.077
"RES1-2SNB",2523.02,"W",0,-101.281758,48.250706,204660.051,102330.025
"RES1-2SNB",3612.42,"W",0,-101.2842905,48.250261391,261098.813,130549.406
"RES1-2SNB",2546.02,"W",0,-101.2828411,48.248300966,205732.908,102866.454
"COM1",399.911751,"W",0,-101.2843096,48.249177359,72567.4273,72567.4273
"RES1-2SNB",2468.62,"W",0,-101.2859008,48.229287342,190179.297,95089.6489
"COM1",399.971766,"M",0,-101.2840917,48.230365805,68309.0047,68309.0047
"RES1-2SNB",1058.014,"W",0,-101.2848925,48.226891,148687.87,74343.9352
"RES1-2SNB",3011.92,"W",0,-101.2853892,48.22986013,291298.098,145649.049
"COM1",6519.98194,"S",0,-101.2866291,48.232127254,890849.617,890849.617
"RES1-2SNB",2106.78,"W",0,-101.286014,48.2280785,236344.72,118172.36
"RES1-2SNB",1490.38,"W",0,-101.2853804,48.229541308,193099.028,96549.5143
"RES1-2SNB",4744.82,"W",0,-101.2832385,48.247302897,313547.827,156773.913
"RES1-2SNB",3386.88,"W",0,-101.2863207,48.247062022,248490.892,124245.446
"RES1-2SNB",3667.04,"W",0,-101.2845392,48.2473122,264078.135,132039.067
"RES1-2SNB",2306.94,"W",0,-101.27624,48.3083685,249552.843,124776.421
"COM1",1159,"M",0,-101.2941975,48.311857,224005.953,224005.953
"RES1-2SNB",1493.604,"W",0,-101.283325,48.24148,193358.955,96679.4776
"RES1-2SNB",2807.04,"W",0,-101.2833978,48.241236491,277764.653,138882.326
"RES1-2SNB",5491.1,"W",0,-101.2834488,48.203866987,326047.477,163023.738
"RES1-2SNB",7661.74,"W",0,-101.2815771,48.20532461,451896.78,225948.39
"RES1-2SNB",5306.2,"W",0,-101.2830718,48.203388011,425800.16,212900.08
"RES1-2SNB",6878.28,"W",0,-101.2808486,48.20369933,405687.557,202843.778
"RES1-2SNB",4513.7,"W",0,-101.2840911,48.203295013,286426.499,143213.249
"RES1-2SNB",5279.96,"W",0,-101.280936,48.203162543,317569.327,158784.663
"RES1-2SNB",4298.28,"W",0,-101.2824397,48.20277921,372504.265,186252.132
"RES1-2SNB",2334.24,"W",0,-101.283214,48.2358725,163148.103,81574.0515
"RES1-2SNB",507.83,"W",0,-101.2833155,48.2341415,71367.8281,35683.914
"RES1-2SNB",2644.7,"W",0,-101.2830923,48.235371744,269380.787,134690.393
"COM1",13678,"W",0,-101.3019517,48.201697563,1594867.05,1594867.05
"COM1",24582,"M",0,-101.2999012,48.205664328,2587374.67,2587374.67
"COM1",22173.5,"W",0,-101.3071895,48.198311474,2373279.63,2373279.63
"COM1",6258.23255,"M",0,-101.2977055,48.200755484,652848.415,652848.415
"COM1",12631.5,"M",0,-101.2856735,48.236021353,1497855.94,1497855.94
"COM1",62659,"S",0,-101.2981275,48.204699166,5889014.87,5889014.87
"COM1",11047.1,"W",0,-101.3005208,48.211477617,1343094.09,1343094.09
"COM1",775.958948,"W",0,-101.2831097,48.212024221,132521.812,132521.812
"COM1",8175.92,"S",0,-101.2809497,48.21210114,1056850.8,1056850.8
"RES1-2SNB",2692.86,"W",0,-101.286034,48.2418395,271925.37,135962.685
"RES1-2SNB",2048.52,"W",0,-101.285326,48.2492645,179330.425,89665.2125
"COM1",5262.35636,"S",0,-101.2901645,48.21175451,563447.677,563447.677
"COM1",15333.8909,"W",0,-101.2884075,48.211883751,1616042.65,1616042.65
"RES1-2SNB",1987.244,"W",0,-101.283549,48.225708,165515.351,82757.6757
"RES1-2SNB",3402.16,"W",0,-101.2861626,48.21735971,234692.325,117346.162
"RES1-2SNB",3305.84,"W",0,-101.287291,48.250454,329784.805,164892.402
"RES1-2SNB",3443.22,"W",0,-101.2866784,48.250015604,339829.905,169914.952
"RES1-2SNB",3261.12,"W",0,-101.287118,48.249005,241247.15,120623.575
"COM1",7781,"M",0,-101.28738,48.225713862,1017797.4,1017797.4
"COM1",9200,"M",0,-101.28702,48.22591,1157436.96,1157436.96
"RES1-2SNB",2231.7,"W",0,-101.2877569,48.248565945,189831.395,94915.6979
"RES1-2SNB",2479.38,"W",0,-101.287836,48.24827,202585.047,101292.523
"COM1",2001.13417,"S",0,-101.286328,48.209982004,317790.139,317790.139
"COM1",395.713311,"S",0,-101.288181,48.232088,67581.7263,67581.7263
"RES1-2SNB",3745.72,"W",0,-101.2899515,48.2180535,252535.649,126267.824
"RES1-2SNB",3687.88,"W",0,-101.2892125,48.218047,249606.848,124803.424
"RES1-2SNB",3838.18,"W",0,-101.2889244,48.246651027,228640.821,114320.41
"RES1-2SNB",2685.12,"W",0,-101.2880525,48.2466515,177381.726,88690.8632
"RES1-2SNB",2691.8,"W",0,-101.2867912,48.227589844,199717.484,99858.7422
"COM1",9200,"S",0,-101.288846,48.222236,1157436.96,1157436.96
"RES1-2SNB",1824.274,"W",0,-101.289345,48.2225875,140000.398,70000.1992
"RES1-2SNB",6002.58,"W",0,-101.2854025,48.291362,472050.574,236025.287
"RES1-2SNB",2581.92,"W",0,-101.2748977,48.287361758,265936.955,132968.477
"RES1-2SNB",2853.48,"W",0,-101.2903098,48.215614424,280912.636,140456.318
"RES1-2SNB",3674.34,"W",0,-101.290315,48.214862,248916.835,124458.417
"RES1-2SNB",4582.5,"W",0,-101.289628,48.21591576,289070.565,144535.282
"COM1",27923.5,"C",0,-101.291009,48.281570377,2925650.17,2925650.17
"RES1-2SNB",1691.834,"W",0,-101.2911322,48.240716957,133249.189,66624.5947
"RES1-2SNB",1582.4,"W",0,-101.2911385,48.2408435,127152.03,63576.0154
"RES1-2SNB",1981.87,"W",0,-101.290956,48.2190915,165300.416,82650.2082
"RES1-2SNB",2362.84,"W",0,-101.2930925,48.195875,268764.622,134382.311
"RES1-2SNB",2331.02,"W",0,-101.2913473,48.195880809,266723.311,133361.655
"RES1-2SNB",1425.664,"W",0,-101.2918865,48.197438,187737.398,93868.6992
"RES1-2SNB",7982.08,"W",0,-101.2417473,48.131209303,627720.988,313860.494
"COM1",800.004993,"S",0,-101.2564482,48.227961056,149174.021,149174.021
"RES1-2SNB",5073.34,"W",0,-101.2561332,48.227979055,413565.869,206782.934
"RES1-2SNB",5559.46,"W",0,-101.293,48.215388,292289.265,146144.632
"RES1-2SNB",2133,"W",0,-101.2930185,48.2178665,153771.128,76885.5642
"RES1-2SNB",3778.18,"W",0,-101.2929835,48.190157,363097.813,181548.906
"RES1-2SNB",1580.894,"W",0,-101.294159,48.248511,152247.401,76123.7007
"RES1-2SNB",3840.76,"W",0,-101.2942064,48.248128691,273362.118,136681.059
"COM1",5252.86363,"S",0,-101.2952367,48.247587271,806964.291,806964.291
"RES1-2SNB",2420.04,"W",0,-101.2910125,48.248765,199680.801,99840.4005
"RES1-2SNB",3550.94,"W",0,-101.2914069,48.24889042,257710.789,128855.394
"RES1-2SNB",4457.38,"W",0,-101.2920815,48.247482,404949.086,202474.543
"RES1-2SNB",3402.16,"W",0,-101.2923476,48.247420666,249360.595,124680.297
"RES1-2SNB",3402.36,"W",0,-101.2921905,48.248479198,249371.964,124685.982
"RES1-2SNB",4187.34,"W",0,-101.2937575,48.195492,273179.795,136589.897
"COM1",5856.90634,"M",0,-101.2956175,48.214412752,616842.08,616842.08
"COM1",2285.71428,"S",0,-101.295213,48.2144355,390364.722,390364.722
"RES1-2SNB",2270.82,"W",0,-101.294042,48.2448535,160288.453,80144.2269
"COM1",1374.97435,"S",0,-101.2955915,48.242634,253583.617,253583.617
"COM1",2434.24,"S",0,-101.2881665,48.2580295,441713.787,441713.787
"COM1",2666,"W",0,-101.2942255,48.239871,455311.654,455311.654
"RES1-2SNB",2180.96,"W",0,-101.2947565,48.001636,176012.856,88006.4282
"RES1-2SNB",3075.14,"W",0,-101.295671,48.0016505,295288.998,147644.499
"COM1",8438.75,"C",0,-101.2944144,48.184348642,1083037.79,1083037.79
"RES1-2SNB",2681.04,"W",0,-101.276668,48.1827935,271308.668,135654.334
"COM1",5624.25,"S",0,-101.2916805,48.185006,695858.351,695858.351
"RES1-2SNB",2140.1,"W",0,-101.294152,48.0019985,173829.566,86914.7831
"COM1",5661.53846,"C",0,-101.296316,48.24887,699523.913,699523.913
"RES1-2SNB",4964.78,"W",0,-101.2974792,48.226873361,271773.194,135886.597
"RES1-2SNB",1520.48,"W",0,-101.297424,48.2267045,139487.956,69743.9782
"RES1-2SNB",1928.98,"W",0,-101.297662,48.242270168,144359.091,72179.5459
"RES1-2SNB",1872.434,"W",0,-101.2985535,48.2426405,160649.02,80324.5104
"COM1",6363.5,"W",0,-101.2963702,48.222363856,662328.804,662328.804
"COM1",4264.25,"M",0,-101.2970082,48.167584521,654450.419,654450.419
"RES1-2SNB",2878.62,"W",0,-101.2984465,48.213883249,282597.121,141298.56
"RES1-2SNB",4736.88,"W",0,-101.2983435,48.213096295,395386.684,197693.342
"RES1-2SNB",1732.684,"W",0,-101.298181,48.228516,135435.758,67717.8791
"COM1",800.103512,"M",0,-101.300377,48.2562405,136645.331,136645.331
"RES1-2SNB",3780.34,"W",0,-101.2999875,48.255674522,254274.108,127137.054
"RES1-2SNB",2377.24,"W",0,-101.299846,48.2196015,253811.057,126905.528
"RES1-2SNB",3252.94,"W",0,-101.2991077,48.218946607,306671.933,153335.966
"COM1",799.995541,"S",0,-101.299107,48.244291,136626.891,136626.891
"RES1-2SNB",2130.22,"W",0,-101.2988767,48.25964863,237974.422,118987.211
"RES1-2SNB",2599.56,"W",0,-101.3052935,48.21212,266919.102,133459.551
"RES1-2SNB",2406.28,"W",0,-101.2991165,48.242092,166289.847,83144.9235
"RES1-2SNB",3429.24,"W",0,-101.3029149,48.242319604,236137.77,118068.885
"COM1",10464.7,"C",0,-101.3036952,48.245504172,1520115.39,1520115.39
"RES1-2SNB",6390.22,"W",0,-101.316979,48.278255,502535.08,251267.54
"RES1-2SNB",3685.74,"W",0,-101.3087504,48.269250901,335858.765,167929.382
"RES1-2SNB",4536.5,"W",0,-101.3080444,48.269846152,385280.143,192640.071
"RES1-2SNB",2268.02,"W",0,-101.3115846,48.269878565,247110.26,123555.13
"RES1-2SNB",3402.16,"W",0,-101.3087399,48.270515157,317043.043,158521.521
"RES1-2SNB",6521.16,"W",0,-101.3064317,48.271020199,512832.369,256416.184
"RES1-2SNB",2730.06,"W",0,-101.3010922,48.238272516,273833.065,136916.532
"COM1",3311.09433,"M",0,-101.3008462,48.232069969,675404.478,675404.478
"RES1-2SNB",3819.68,"W",0,-101.301172,48.213887758,344338.568,172169.284
"RES1-2SNB",3566.42,"W",0,-101.3026734,48.263556559,328084.519,164042.259
"RES1-2SNB",1454.904,"W",0,-101.2659485,48.2317795,190193.881,95096.9408
"RES1-2SNB",3749.6,"W",0,-101.2735812,48.244968221,268526.717,134263.358
"RES1-2SNB",3963.3,"W",0,-101.2707694,48.201079186,375212.257,187606.128
"RES1-2SNB",4672.8,"W",0,-101.2707099,48.202268546,416731.931,208365.965
"RES1-2SNB",4099.18,"W",0,-101.2682709,48.200112989,383766.929,191883.464
"RES1-2SNB",5302.32,"W",0,-101.2688101,48.202132167,452201.232,226100.616
"RES1-2SNB",6448.28,"W",0,-101.268712,48.200483053,538794.805,269397.402
"RES1-2SNB",21774.2,"W",0,-101.2727136,48.201797644,1819372.89,909686.446
"RES1-2SNB",2181.82,"W",0,-101.2740485,48.242572,256577.234,128288.617
"COM1",1013.62376,"W",0,-101.2734008,48.232292444,173111.294,173111.294
"RES1-2SNB",5143.86,"W",0,-101.279616,48.2822255,443416.8,221708.4
"RES1-2SNB",2233.42,"W",0,-101.2782536,48.230029563,178753.591,89376.7956
"RES1-2SNB",6295.62,"W",0,-101.2786663,48.181847535,495095.615,247547.807
"RES1-2SNB",5293.72,"W",0,-101.2819924,48.179092985,425159.491,212579.745
"RES1-2SNB",5690.62,"W",0,-101.2797325,48.1801815,447517.64,223758.82
"RES1-2SNB",6211.12,"W",0,-101.2771785,48.1817,488450.427,244225.213
"RES1-2SNB",3039.66,"W",0,-101.2794885,48.1794195,293059.996,146529.998
"RES1-2SNB",2102.48,"W",0,-101.283392,48.1801925,236043.368,118021.684
"RES1-2SNB",3482.14,"W",0,-101.2814915,48.2454885,253876.036,126938.018
"RES1-2SNB",1932.634,"W",0,-101.278712,48.244692,239282.406,119641.203
"RES1-2SNB",1662.38,"W",0,-101.2811255,48.2454325,157875.978,78937.989
"RES1-2SNB",4862.44,"W",0,-101.2800634,48.233577569,299848.53,149924.265
"RES1-2SNB",4181.1,"W",0,-101.2817062,48.200620636,272915.184,136457.592
"RES1-2SNB",3795.18,"W",0,-101.2820893,48.200611641,255015.965,127507.982
"RES1-2SNB",1850.72,"W",0,-101.2809101,48.23822062,159663.894,79831.947
"RES1-2SNB",2654.82,"W",0,-101.3022565,48.231644,269922.496,134961.248
"RES1-2SNB",1903.61,"W",0,-101.302627,48.224166214,223635.246,111817.623
"COM1",5740.5,"C",0,-101.3072103,48.429438832,910296.328,910296.328
"RES1-2SNB",6483.96,"W",0,-101.3049701,48.422606056,339937.942,169968.971
"RES1-2SNB",7046.84,"W",0,-101.3058268,48.42416387,369448.345,184724.172
"RES1-2SNB",6380.34,"W",0,-101.3031477,48.428725888,376318.578,188159.289
"RES1-2SNB",7115.64,"W",0,-101.3066215,48.426941419,419687.278,209843.639
"RES1-2SNB",6504.18,"W",0,-101.3066535,48.427282657,340998.027,170499.013
"RES1-2SNB",2407.34,"W",0,-101.3066415,48.261502,255605.926,127802.963
"RES1-2SNB",1811.16,"W",0,-101.301146,48.2619105,218260.859,109130.429
"RES1-2SNB",2570.54,"W",0,-101.306355,48.261517,265297.335,132648.667
"RES1-2SNB",2421.1,"W",0,-101.303745,48.261055,256460.478,128230.239
"COM1",400.004611,"W",0,-101.3043477,48.261055116,68314.6141,68314.6141
"RES1-2SNB",4346,"W",0,-101.3029765,48.195085751,279764.991,139882.495
"RES1-2SNB",5226.86,"W",0,-101.3037439,48.262772815,421698.215,210849.107
"RES1-2SNB",2306.3,"W",0,-101.3064565,48.2623715,249513.168,124756.584
"RES1-2SNB",4142.62,"W",0,-101.3051019,48.262774293,363709.683,181854.841
"COM1",1941.20197,"C",0,-101.3102658,48.225154258,331527.337,331527.337
"RES1-2SNB",5982.58,"W",0,-101.3078051,48.224728949,470477.748,235238.874
"RES1-2SNB",1577.884,"W",0,-101.3039046,48.222881247,199912.158,99956.0791
"RES1-2SNB",4082.84,"W",0,-101.3058379,48.22298295,360238.413,180119.206
"COM1",347.424657,"S",0,-101.3115755,48.2251445,92747.9251,92747.9251
"COM1",400.108181,"W",0,-101.303908,48.22259,68332.3023,68332.3023
"RES1-2SNB",4638.84,"W",0,-101.3082582,48.224084591,390514.912,195257.456
"RES1-2SNB",3787.64,"M",0,-101.3064545,48.235707211,254639.288,127319.644
"RES1-2SNB",2912.16,"W",0,-101.304876,48.235461288,209673.469,104836.734
"RES1-2SNB",1445.23,"W",0,-101.304088,48.2347645,189387.36,94693.6804
"RES1-2SNB",1717.634,"W",0,-101.3048635,48.239584,211223.82,105611.91
"RES1-2SNB",3988.24,"W",0,-101.3040519,48.259353958,264484.441,132242.22
"RES1-2SNB",16314.2,"W",0,-101.3056116,48.206322423,962227.177,481113.588
"RES1-2SNB",3125.02,"W",0,-101.3034665,48.21313676,298376.164,149188.082
"RES1-2SNB",3472.24,"W",0,-101.3048331,48.214341559,321801.846,160900.923
"RES1-2SNB",2177.72,"W",0,-101.3043835,48.2489625,175841.285,87920.6426
"RES1-2SNB",2166.54,"W",0,-101.3049695,48.238031,175247.204,87623.6023
"RES1-2SNB",4179.16,"W",0,-101.3053757,48.218061735,365805.838,182902.919
"RES1-2SNB",8581.5,"W",0,-101.3049879,48.21768071,674860.144,337430.072
"COM1",4043.12,"M",0,-101.307076,48.2307495,629169.277,629169.277
"RES1-2SNB",1889.204,"W",0,-101.307688,48.2366545,161395.748,80697.8744
"COM1",11634.3068,"M",0,-101.3031358,48.211577435,1401559.53,1401559.53
"COM1",3115.06206,"M",0,-101.29966,48.2114495,526716.933,526716.933
"COM1",6080.72079,"W",0,-101.2992215,48.21147,844927.654,844927.654
"RES1-2SNB",5219.98,"W",0,-101.3064697,48.220373136,421339.273,210669.636
"RES1-2SNB",3371.4,"W",0,-101.3060725,48.2550285,233042.356,116521.178
"RES1-2SNB",4071.88,"W",0,-101.3033433,48.263434099,359596.349,179798.174
"RES1-2SNB",3766.8,"W",0,-101.3066924,48.263670401,341021.923,170510.961
"RES1-2SNB",3980.94,"W",0,-101.30484,48.263652849,354201.378,177100.689
"RES1-2SNB",4247.1,"W",0,-101.3045728,48.26364548,369651.6,184825.8
"RES1-2SNB",2601.06,"W",0,-101.307161,48.2641155,267002.096,133501.048
"RES1-2SNB",2124.62,"W",0,-101.3071685,48.2645595,237587.074,118793.537
"COM1",17028.5106,"M",0,-101.3015215,48.268349779,2374035.29,2374035.29
"RES1-2SNB",2306.94,"W",0,-101.307151,48.2600675,161927.898,80963.9493
"RES1-2SNB",2311.24,"W",0,-101.306462,48.259787,162121.172,81060.5861
"RES1-2SNB",3541.04,"W",0,-101.3064836,48.259377127,242034.641,121017.32
"RES1-2SNB",3289.28,"W",0,-101.30846,48.2576135,202516.198,101258.099
"RES1-2SNB",4259.14,"W",0,-101.3083168,48.252857832,370326.116,185163.058
"RES1-2SNB",2758.44,"W",0,-101.3095845,48.197887008,275254.571,137627.285
"RES1-2SNB",2653.52,"W",0,-101.3090533,48.198193079,198171.68,99085.8403
"RES1-2SNB",2972.58,"W",0,-101.3088061,48.197436777,212715.867,106357.933
"RES1-2SNB",10908.02,"W",0,-101.307168,48.196942,643365.491,321682.745
"RES1-2SNB",3283.48,"W",0,-101.3096575,48.2623915,202228.436,101114.218
"RES1-2SNB",5613,"W",0,-101.3074557,48.219358769,441413.504,220706.752
"RES1-2SNB",4287.52,"W",0,-101.3085185,48.2208825,371907.692,185953.846
"RES1-2SNB",30379.4,"W",0,-101.3133178,48.219206202,2389074.9,1194537.45
"RES1-2SNB",20532.8,"W",0,-101.3127072,48.218658747,1614725.67,807362.836
"RES1-2SNB",2435.94,"W",0,-101.3094765,48.2414635,257374.376,128687.188
"RES1-2SNB",4456.52,"W",0,-101.3120478,48.222166714,381082.925,190541.462
"RES1-2SNB",4169.7,"W",0,-101.3102084,48.213717208,365265.021,182632.51
"RES1-2SNB",3673.06,"M",0,-101.311747,48.2137925,335042.451,167521.225
